1;34;246;23;246;246;63;63;180;35;0;0;0
1;34;246;24;246;246;63;63;180;35;0;0;0
1;34;246;24;59;246;108;63;180;35;0;0;0
1;34;246;24;60;246;108;63;180;35;0;0;0
1;34;246;24;61;246;108;63;180;35;0;0;0
1;34;246;24;62;246;108;63;180;35;0;0;0
1;34;246;24;63;246;108;63;180;35;0;0;0
1;34;246;24;64;246;108;63;180;35;0;0;0
1;34;246;24;65;246;108;63;180;35;0;0;0
1;34;246;24;66;246;108;63;180;35;0;0;0
1;34;246;24;67;246;108;63;180;35;0;0;0
1;34;246;24;68;246;108;63;180;35;0;0;0
1;34;246;24;69;246;108;63;180;35;0;0;0
1;34;246;24;69;246;108;63;180;35;0;1;0
1;34;246;24;70;246;108;63;180;35;0;1;0
1;34;246;24;70;246;108;63;180;36;0;1;0
1;18;246;24;71;246;108;63;180;36;0;1;0
1;18;246;24;71;246;108;63;180;37;0;1;0
1;2;246;24;72;246;108;63;180;37;0;1;0
1;2;246;24;72;246;108;63;180;38;0;1;0
1;242;246;24;73;246;108;63;180;38;0;1;0
1;242;246;24;73;246;108;63;180;39;0;1;0
1;226;246;24;74;246;108;63;180;39;0;1;0
1;226;246;25;74;246;108;63;180;40;0;1;0
1;210;246;25;75;246;108;63;180;40;0;1;0
1;210;246;25;59;75;61;108;180;41;0;1;0
1;194;246;25;60;76;61;108;180;41;0;1;0
1;194;246;25;60;76;61;108;180;42;0;1;0
1;178;246;25;61;77;61;108;180;42;0;1;0
1;178;246;25;61;77;61;108;180;43;0;1;0
1;162;246;25;62;78;61;108;180;43;0;1;0
1;162;246;25;62;246;61;108;180;44;0;1;0
1;146;246;25;63;246;61;108;180;44;0;1;0
1;146;246;25;63;246;61;108;180;45;0;1;0
1;115;246;25;64;246;61;108;180;45;0;1;0
1;115;246;25;64;246;61;108;180;46;0;1;0
1;99;246;25;65;246;61;108;180;46;0;1;0
1;99;246;25;65;246;61;108;180;47;0;1;0
1;83;246;25;66;246;61;108;180;47;0;1;0
1;83;246;25;66;246;61;108;180;48;0;1;0
1;67;246;25;67;246;61;108;180;48;0;1;0
1;67;246;25;67;246;61;108;180;49;0;1;0
1;51;246;25;68;246;61;108;180;49;0;1;0
1;51;246;25;68;246;61;108;180;50;0;1;0
1;35;246;25;69;246;61;108;180;50;0;1;0
1;35;246;25;69;246;61;108;180;51;0;1;0
1;19;246;25;70;246;61;108;180;51;0;1;0
1;19;246;25;70;246;61;108;180;52;0;1;0
1;3;246;25;71;246;61;108;180;52;0;1;0
1;3;246;25;71;246;61;108;180;53;0;1;0
1;243;246;25;72;246;61;108;180;53;0;1;0
1;243;246;25;72;246;61;108;180;54;0;0;0
1;227;246;25;73;246;61;108;180;54;0;0;0
1;227;246;25;74;246;61;108;180;54;0;0;0
1;227;246;26;74;246;61;108;180;54;0;0;0
1;227;246;26;75;246;61;108;180;54;0;0;0
1;227;246;26;59;75;62;61;180;54;0;0;0
1;227;246;26;60;76;62;61;180;54;0;0;0
1;227;246;26;61;77;62;61;180;54;0;0;0
1;227;246;26;62;78;62;61;180;54;0;0;0
1;227;246;26;63;79;62;61;180;54;0;0;0
1;227;246;26;64;80;62;61;180;54;0;0;0
1;227;246;26;65;81;62;61;180;54;0;0;0
1;227;246;26;66;82;62;61;180;54;0;0;0
1;227;246;26;66;82;62;61;180;54;0;0;1
1;227;246;26;67;83;62;61;180;54;0;0;1
1;227;246;26;67;83;62;61;180;53;0;0;1
1;243;246;26;68;84;62;61;180;53;0;0;1
1;243;246;26;68;84;62;61;180;52;0;0;1
1;3;246;26;69;85;62;61;180;52;0;0;1
1;3;246;26;69;85;62;61;180;51;0;0;1
1;19;246;26;70;86;62;61;180;51;0;0;1
1;19;246;26;70;86;62;61;180;50;0;0;1
1;35;246;26;71;87;62;61;180;50;0;0;1
1;35;246;26;71;87;62;61;180;49;0;0;1
1;51;246;26;72;88;62;61;180;49;0;0;1
1;51;246;26;72;88;62;61;180;48;0;0;1
1;67;246;26;73;89;62;61;180;48;0;0;1
1;67;246;26;73;89;62;61;180;47;0;0;1
1;83;246;26;74;90;62;61;180;47;0;0;1
1;83;246;27;74;90;62;61;180;46;0;0;0
1;99;246;27;75;91;62;61;180;46;0;0;0
1;99;246;27;76;92;62;61;180;46;0;0;0
1;99;246;27;77;93;62;61;180;46;0;0;0
1;99;246;27;78;94;62;61;180;46;0;0;0
1;99;246;27;79;95;62;61;180;46;0;0;0
1;99;246;27;80;96;62;61;180;46;0;0;0
1;99;246;27;81;97;62;61;180;46;0;0;0
1;99;246;27;82;98;62;61;180;46;0;0;0
1;99;246;27;83;99;62;61;180;46;0;0;0
1;99;246;27;84;100;62;61;180;46;0;0;0
1;99;246;27;85;101;62;61;180;46;0;0;0
1;99;246;27;86;102;62;61;180;46;0;0;0
1;99;246;27;87;103;62;61;180;46;0;0;0
1;99;246;27;87;103;62;61;180;46;1;0;0
1;99;127;27;88;104;62;61;180;46;1;0;0
1;99;125;27;88;104;62;61;180;46;1;0;0
1;99;125;27;89;105;62;61;180;46;1;0;0
1;99;123;27;89;105;62;61;180;46;1;0;0
1;99;123;27;90;106;62;61;180;46;1;0;0
1;99;121;28;90;106;62;61;180;46;1;0;0
1;99;121;28;91;107;62;61;180;46;1;0;0
1;99;246;28;91;107;62;61;180;46;0;0;0
1;99;246;28;92;246;62;61;180;46;0;0;0
1;99;246;28;59;92;48;62;180;46;0;0;0
1;99;246;28;60;93;48;62;180;46;0;0;0
1;99;246;28;61;94;48;62;180;46;0;0;0
1;99;246;28;62;95;48;62;180;46;0;0;0
1;99;246;28;63;96;48;62;180;46;0;0;0
1;99;246;28;64;97;48;62;180;46;0;0;0
1;99;246;28;65;98;48;62;180;46;0;0;0
1;99;246;28;66;99;48;62;180;46;0;0;0
1;99;246;28;67;100;48;62;180;46;0;0;0
1;99;246;28;68;101;48;62;180;46;0;0;0
1;99;246;28;69;102;48;62;180;46;0;0;0
1;99;246;28;70;103;48;62;180;46;0;0;0
1;99;246;28;71;104;48;62;180;46;0;0;0
1;99;246;28;72;105;48;62;180;46;0;0;0
1;99;246;28;73;106;48;62;180;46;0;0;0
1;99;246;29;246;106;48;62;180;46;0;0;0
1;99;246;29;246;107;48;62;180;46;0;0;0
1;99;246;29;107;246;62;48;180;46;0;1;0
1;99;246;29;246;246;62;48;180;46;0;1;0
1;99;246;29;59;246;49;62;180;47;0;1;0
1;83;246;29;60;246;49;62;180;47;0;1;0
1;83;246;29;60;246;49;62;180;48;0;1;0
1;67;246;29;61;246;49;62;180;48;0;1;0
1;67;246;29;61;246;49;62;180;49;0;1;0
1;51;246;29;62;246;49;62;180;49;0;1;0
1;51;246;29;62;246;49;62;180;50;0;0;0
1;35;246;29;63;246;49;62;180;50;0;0;0
1;35;246;29;64;246;49;62;180;50;0;0;0
1;35;246;29;65;246;49;62;180;50;0;0;0
1;35;246;29;65;246;49;62;180;50;1;0;0
1;35;85;29;66;246;49;62;180;50;1;0;0
1;35;83;29;66;246;49;62;180;50;1;0;0
1;35;83;29;67;246;49;62;180;50;1;0;0
1;35;81;29;67;246;49;62;180;50;1;0;0
1;35;81;29;68;246;49;62;180;50;1;0;0
1;35;79;29;68;246;49;62;180;50;1;0;0
1;35;79;29;69;246;49;62;180;50;1;0;0
1;35;77;29;69;246;49;62;180;50;0;0;0
1;35;77;29;70;246;49;62;180;50;0;0;0
1;35;75;29;70;246;49;62;180;50;0;0;0
1;35;75;29;71;246;49;62;180;50;0;0;0
1;35;73;29;71;246;49;62;180;50;0;0;0
1;35;73;29;72;246;49;62;180;50;0;0;0
1;35;71;29;72;246;49;62;180;50;0;0;0
1;35;71;29;73;246;49;62;180;50;0;0;0
1;35;69;30;246;246;49;62;180;50;0;0;0
1;35;67;30;59;246;66;49;180;50;0;0;0
1;35;67;30;60;246;66;49;180;50;0;0;0
1;35;65;30;60;246;66;49;180;50;0;0;0
1;35;65;30;61;246;66;49;180;50;0;0;0
1;35;63;30;61;246;66;49;180;50;0;0;0
1;35;63;30;62;246;66;49;180;50;0;0;0
1;35;61;30;62;246;66;49;180;50;0;0;0
1;35;61;30;63;246;66;49;180;50;0;0;0
1;35;59;30;63;246;66;49;180;50;0;0;0
1;35;59;30;64;246;66;49;180;50;0;0;0
1;35;57;30;64;246;66;49;180;50;0;0;0
1;35;57;30;65;246;66;49;180;50;0;0;0
1;35;55;30;65;246;66;49;180;50;0;0;0
1;35;55;30;66;246;66;49;180;50;0;0;0
1;35;53;30;66;246;66;49;180;50;0;1;0
1;35;53;30;67;246;66;49;180;50;0;1;0
1;35;51;30;67;246;66;49;180;51;0;1;0
1;19;51;30;68;246;66;49;180;51;0;1;0
1;19;49;30;68;246;66;49;180;52;0;1;0
1;3;49;30;69;246;66;49;180;52;0;1;0
1;3;47;30;69;246;66;49;180;53;0;1;0
1;243;47;30;70;246;66;49;180;53;0;1;0
1;243;45;30;70;246;66;49;180;54;0;1;0
1;227;45;30;71;246;66;49;180;54;0;1;0
1;227;43;30;71;246;66;49;180;55;0;1;0
1;211;43;30;72;246;66;49;180;55;0;1;0
1;211;41;30;72;246;66;49;180;56;0;1;0
1;195;41;30;73;246;66;49;180;56;0;1;0
1;195;39;30;73;246;66;49;180;57;0;1;0
1;179;39;30;74;246;66;49;180;57;0;1;0
1;179;37;31;74;246;66;49;180;58;0;1;0
1;163;37;31;75;246;66;49;180;58;0;1;0
1;163;35;31;59;75;67;66;180;59;0;1;0
1;147;246;31;60;76;67;66;180;59;0;1;0
1;147;246;31;60;76;67;66;180;60;0;0;0
1;116;246;31;61;77;67;66;180;60;0;0;0
1;116;246;31;62;78;67;66;180;60;0;0;0
1;116;246;31;63;79;67;66;180;60;0;0;0
1;116;246;31;64;80;67;66;180;60;0;0;0
1;116;246;31;65;81;67;66;180;60;0;0;0
1;116;246;31;66;82;67;66;180;60;0;0;0
1;116;246;31;67;83;67;66;180;60;0;0;0
1;116;246;31;68;84;67;66;180;60;0;0;0
1;116;246;31;69;85;67;66;180;60;0;0;0
1;116;246;31;70;86;67;66;180;60;0;0;0
1;116;246;31;70;86;67;66;180;60;0;0;1
1;116;246;31;71;87;67;66;180;60;0;0;1
1;116;246;31;71;87;67;66;180;59;0;0;1
1;147;246;31;72;88;67;66;180;59;0;0;1
1;147;246;31;72;88;67;66;180;58;0;0;1
1;163;246;31;73;89;67;66;180;58;0;0;1
1;163;246;31;73;89;67;66;180;57;0;0;1
1;179;246;31;74;90;67;66;180;57;0;0;1
1;179;246;32;74;90;67;66;180;56;0;0;0
1;195;246;32;75;91;67;66;180;56;0;0;0
1;195;246;32;76;92;67;66;180;56;0;0;0
1;195;246;32;77;93;67;66;180;56;0;0;0
1;195;246;32;78;94;67;66;180;56;0;0;0
1;195;246;32;79;95;67;66;180;56;0;0;0
1;195;246;32;80;96;67;66;180;56;0;0;0
1;195;246;32;81;97;67;66;180;56;0;0;0
1;195;246;32;82;98;67;66;180;56;0;0;0
1;195;246;32;83;99;67;66;180;56;0;0;0
1;195;246;32;84;100;67;66;180;56;0;0;0
1;195;246;32;85;101;67;66;180;56;0;0;0
1;195;246;32;85;101;67;66;180;56;1;0;0
1;195;85;32;86;102;67;66;180;56;1;0;0
1;195;83;32;86;102;67;66;180;56;1;0;0
1;195;83;32;87;103;67;66;180;56;1;0;0
1;195;81;32;87;103;67;66;180;56;1;0;0
1;195;81;32;88;104;67;66;180;56;1;0;0
1;195;79;32;88;104;67;66;180;56;1;0;0
1;195;79;32;89;105;67;66;180;56;1;0;0
1;195;77;32;89;105;67;66;180;56;0;0;0
1;195;77;32;90;106;67;66;180;56;0;0;0
1;195;75;33;90;106;67;66;180;56;0;0;0
1;195;75;33;91;107;67;66;180;56;0;0;0
1;195;73;33;91;107;67;66;180;56;0;0;0
1;195;73;33;92;246;67;66;180;56;0;0;0
1;195;71;33;59;92;69;67;180;56;0;0;0
1;195;71;33;60;93;69;67;180;56;0;0;0
1;195;69;33;60;93;69;67;180;56;0;0;0
1;195;69;33;61;94;69;67;180;56;0;0;0
1;195;67;33;61;94;69;67;180;56;0;0;0
1;195;67;33;62;95;69;67;180;56;0;0;0
1;195;65;33;62;95;69;67;180;56;0;0;0
1;195;65;33;63;96;69;67;180;56;0;0;0
1;195;63;33;63;96;69;67;180;56;0;0;0
1;195;63;33;64;97;69;67;180;56;0;0;0
1;195;61;33;64;97;69;67;180;56;0;0;0
1;195;61;33;65;98;69;67;180;56;0;0;0
1;195;59;33;65;98;69;67;180;56;0;0;0
1;195;59;33;66;99;69;67;180;56;0;0;0
1;195;57;33;66;99;69;67;180;56;0;0;0
1;195;57;33;67;100;69;67;180;56;0;0;0
1;195;55;33;67;100;69;67;180;56;0;0;0
1;195;55;33;68;101;69;67;180;56;0;0;0
1;195;53;33;68;101;69;67;180;56;0;0;0
1;195;53;33;69;102;69;67;180;56;0;0;0
1;195;51;33;69;102;69;67;180;56;0;0;0
1;195;51;33;70;103;69;67;180;56;0;0;0
1;195;49;33;70;103;69;67;180;56;0;0;0
1;195;49;33;71;104;69;67;180;56;0;0;0
1;195;47;33;71;104;69;67;180;56;0;0;0
1;195;47;33;72;105;69;67;180;56;0;0;0
1;195;45;33;72;105;69;67;180;56;0;0;0
1;195;45;33;73;106;69;67;180;56;0;0;0
1;195;43;34;73;106;69;67;180;56;0;0;0
1;195;43;34;74;107;69;67;180;56;0;0;0
1;195;41;34;74;107;69;67;180;56;0;0;0
1;195;41;34;75;246;69;67;180;56;0;0;0
1;195;39;34;59;75;54;69;180;56;0;0;0
1;195;39;34;60;76;54;69;180;56;0;0;0
1;195;37;34;60;76;54;69;180;56;0;0;0
1;195;37;34;61;77;54;69;180;56;0;0;0
1;195;35;34;61;77;54;69;180;56;0;0;0
1;195;35;34;62;78;54;69;180;56;0;0;1
1;195;33;34;62;78;54;69;180;55;0;0;1
1;211;33;34;63;79;54;69;180;55;0;0;1
1;211;31;34;63;79;54;69;180;54;0;0;1
1;227;31;34;64;80;54;69;180;54;0;0;1
1;227;29;34;64;80;54;69;180;53;0;0;1
1;243;29;34;65;81;54;69;180;53;0;0;0
1;243;27;34;65;81;54;69;180;53;0;0;0
1;243;27;34;66;82;54;69;180;53;0;0;0
1;243;25;34;66;82;54;69;180;53;0;0;0
1;243;25;34;67;83;54;69;180;53;0;0;0
1;243;23;34;67;83;54;69;180;53;0;0;0
1;243;23;34;68;84;54;69;180;53;0;0;0
1;243;21;34;68;84;54;69;180;53;0;0;0
1;243;21;34;69;85;54;69;180;53;0;0;0
1;243;19;34;69;85;54;69;180;53;0;0;0
1;243;19;34;70;86;54;69;180;53;0;0;0
1;243;17;34;70;86;54;69;180;53;0;0;0
1;243;17;34;71;87;54;69;180;53;0;0;0
1;243;15;34;71;87;54;69;180;53;1;0;0
1;243;15;34;72;88;54;69;180;53;1;0;0
1;243;13;34;72;88;54;69;180;53;1;0;0
1;243;13;34;73;89;54;69;180;53;1;0;0
1;243;11;35;73;89;54;69;180;53;1;0;0
1;243;11;35;74;90;54;69;180;53;1;0;0
1;243;9;35;74;90;54;69;180;53;1;0;0
1;243;9;35;75;91;54;69;180;53;0;0;0
1;243;7;35;75;91;54;69;180;53;0;0;0
1;243;7;35;76;92;54;69;180;53;0;0;0
1;243;5;35;76;92;54;69;180;53;0;0;0
1;243;5;35;77;93;54;69;180;53;0;0;0
1;243;3;35;77;93;54;69;180;53;0;0;0
1;243;3;35;78;94;54;69;180;53;0;0;0
1;243;246;35;78;94;54;69;180;53;0;0;0
1;243;246;35;79;95;54;69;180;53;0;0;0
1;243;246;35;80;96;54;69;180;53;0;0;0
1;243;246;35;81;97;54;69;180;53;0;0;0
1;243;246;35;82;98;54;69;180;53;0;0;0
1;243;246;35;83;99;54;69;180;53;0;0;0
1;243;246;35;83;99;54;69;180;53;0;1;0
1;243;246;35;84;100;54;69;180;53;0;1;0
1;243;246;35;84;100;54;69;180;54;0;1;0
1;227;246;35;85;101;54;69;180;54;0;1;0
1;227;246;35;85;101;54;69;180;55;0;1;0
1;211;246;35;86;102;54;69;180;55;0;1;0
1;211;246;35;86;102;54;69;180;56;0;1;0
1;195;246;35;87;103;54;69;180;56;0;1;0
1;195;246;35;87;103;54;69;180;57;0;1;0
1;179;246;35;88;104;54;69;180;57;0;1;0
1;179;246;35;88;104;54;69;180;58;0;1;0
1;163;246;35;89;105;54;69;180;58;0;1;0
1;163;246;36;89;105;54;69;180;59;0;1;0
1;147;246;36;90;106;54;69;180;59;0;1;0
1;147;246;36;90;106;54;69;180;60;0;1;0
1;116;246;36;91;107;54;69;180;60;0;1;0
1;116;246;36;91;107;54;69;180;61;0;0;0
1;100;246;36;92;246;54;69;180;61;0;0;0
1;100;246;36;59;92;72;54;180;61;0;0;0
1;100;246;36;60;93;72;54;180;61;0;0;0
1;100;246;36;61;94;72;54;180;61;0;0;0
1;100;246;36;62;95;72;54;180;61;0;0;0
1;100;246;36;63;96;72;54;180;61;0;0;0
1;100;246;36;64;97;72;54;180;61;0;0;0
1;100;246;36;65;98;72;54;180;61;0;0;0
1;100;246;36;66;99;72;54;180;61;0;0;0
1;100;246;36;66;99;72;54;180;61;0;0;1
1;100;246;36;67;100;72;54;180;61;0;0;1
1;100;246;36;67;100;72;54;180;60;0;0;1
1;116;246;36;68;101;72;54;180;60;0;0;1
1;116;246;36;68;101;72;54;180;59;0;0;1
1;147;246;36;69;102;72;54;180;59;0;0;1
1;147;246;36;69;102;72;54;180;58;0;0;1
1;163;246;36;70;103;72;54;180;58;0;0;1
1;163;246;36;70;103;72;54;180;57;0;0;1
1;179;246;36;71;104;72;54;180;57;0;0;1
1;179;246;36;71;104;72;54;180;56;0;0;1
1;195;246;36;72;105;72;54;180;56;0;0;1
1;195;246;37;72;105;72;54;180;55;0;0;0
1;211;246;37;73;106;72;54;180;55;0;0;0
1;211;246;37;74;107;72;54;180;55;0;0;0
1;211;246;37;75;246;72;54;180;55;0;0;0
1;211;246;37;59;75;105;72;180;55;0;0;0
1;211;246;37;60;76;105;72;180;55;0;0;0
1;211;246;37;61;77;105;72;180;55;0;0;0
1;211;246;37;62;78;105;72;180;55;0;0;0
1;211;246;37;63;79;105;72;180;55;0;0;0
1;211;246;37;64;80;105;72;180;55;0;0;0
1;211;246;37;65;81;105;72;180;55;0;0;0
1;211;246;37;66;82;105;72;180;55;0;0;0
1;211;246;37;67;83;105;72;180;55;0;0;0
1;211;246;37;68;84;105;72;180;55;0;0;0
1;211;246;37;68;84;105;72;180;55;1;0;0
1;211;85;37;69;85;105;72;180;55;1;0;0
1;211;83;37;69;85;105;72;180;55;1;0;0
1;211;83;37;70;86;105;72;180;55;1;0;0
1;211;81;37;70;86;105;72;180;55;1;0;0
1;211;81;37;71;87;105;72;180;55;1;0;0
1;211;79;37;71;87;105;72;180;55;0;0;0
1;211;79;37;72;88;105;72;180;55;0;0;0
1;211;77;38;72;88;105;72;180;55;0;0;0
1;211;77;38;73;89;105;72;180;55;0;0;0
1;211;75;38;73;89;105;72;180;55;0;0;0
1;211;75;38;74;90;105;72;180;55;0;0;0
1;211;73;38;74;90;105;72;180;55;0;0;0
1;211;73;38;75;91;105;72;180;55;0;0;0
1;211;71;38;75;91;105;72;180;55;0;0;0
1;211;71;38;76;92;105;72;180;55;0;0;0
1;211;69;38;76;92;105;72;180;55;0;0;0
1;211;69;38;77;93;105;72;180;55;0;0;0
1;211;67;38;77;93;105;72;180;55;0;0;0
1;211;67;38;78;94;105;72;180;55;0;0;0
1;211;65;38;78;94;105;72;180;55;0;0;0
1;211;65;38;79;95;105;72;180;55;0;0;0
1;211;63;38;79;95;105;72;180;55;0;0;0
1;211;63;38;80;96;105;72;180;55;0;0;0
1;211;61;38;80;96;105;72;180;55;0;0;0
1;211;61;38;81;97;105;72;180;55;0;0;0
1;211;59;38;81;97;105;72;180;55;0;0;0
1;211;246;38;82;98;105;72;180;55;0;0;0
1;211;246;38;83;99;105;72;180;55;0;0;0
1;211;246;38;83;99;105;72;180;55;0;1;0
1;211;246;38;84;100;105;72;180;55;0;1;0
1;211;246;38;84;100;105;72;180;56;0;1;0
1;195;246;38;85;101;105;72;180;56;0;1;0
1;195;246;38;85;101;105;72;180;57;0;1;0
1;179;246;38;86;102;105;72;180;57;0;1;0
1;179;246;38;86;102;105;72;180;58;0;1;0
1;163;246;38;87;103;105;72;180;58;0;1;0
1;163;246;38;87;103;105;72;180;59;0;1;0
1;147;246;38;88;104;105;72;180;59;0;1;0
1;147;246;39;88;104;105;72;180;60;0;1;0
1;116;246;39;89;105;105;72;180;60;0;1;0
1;116;246;39;89;105;105;72;180;61;0;0;0
1;100;246;39;90;106;105;72;180;61;0;0;0
1;100;246;39;91;107;105;72;180;61;0;0;0
1;100;246;39;92;246;105;72;180;61;0;0;0
1;100;246;39;59;92;43;105;180;61;0;0;0
1;100;246;39;60;93;43;105;180;61;0;0;0
1;100;246;39;61;94;43;105;180;61;0;0;0
1;100;246;39;62;95;43;105;180;61;0;0;0
1;100;246;39;63;96;43;105;180;61;0;0;0
1;100;246;39;64;97;43;105;180;61;0;0;0
1;100;246;39;65;98;43;105;180;61;0;0;0
1;100;246;39;66;99;43;105;180;61;0;0;0
1;100;246;39;67;100;43;105;180;61;0;0;0
1;100;246;39;68;101;43;105;180;61;0;0;0
1;100;246;39;69;102;43;105;180;61;0;0;0
1;100;246;39;70;103;43;105;180;61;0;0;0
1;100;246;39;71;104;43;105;180;61;0;0;0
1;100;246;40;71;104;43;105;180;61;1;0;0
1;100;85;40;72;105;43;105;180;61;1;0;0
1;100;83;40;72;105;43;105;180;61;1;0;0
1;100;83;40;73;106;43;105;180;61;1;0;0
1;100;81;40;73;106;43;105;180;61;1;0;0
1;100;81;40;74;107;43;105;180;61;1;0;0
1;100;79;40;74;107;43;105;180;61;1;0;0
1;100;79;40;75;246;43;105;180;61;1;0;0
1;100;77;40;50;75;60;43;180;61;1;0;0
1;100;77;40;51;76;60;43;180;61;1;0;0
1;100;75;40;51;76;60;43;180;61;1;0;0
1;100;75;40;52;77;60;43;180;61;1;0;0
1;100;73;40;52;77;60;43;180;61;0;0;0
1;100;73;40;53;78;60;43;180;61;0;0;0
1;100;71;40;53;78;60;43;180;61;0;0;0
1;100;71;40;54;79;60;43;180;61;0;0;0
1;100;69;40;54;79;60;43;180;61;0;0;0
1;100;69;40;55;80;60;43;180;61;0;0;0
1;100;67;40;55;80;60;43;180;61;0;0;0
1;100;67;40;56;81;60;43;180;61;0;0;0
1;100;65;40;56;81;60;43;180;61;0;0;0
1;100;65;40;57;82;60;43;180;61;0;0;0
1;100;63;40;57;82;60;43;180;61;0;0;0
1;100;63;40;58;83;60;43;180;61;0;0;0
1;100;61;40;58;83;60;43;180;61;0;0;0
1;100;61;40;59;84;60;43;180;61;0;0;0
1;100;59;40;59;84;60;43;180;61;0;0;0
1;100;59;40;60;85;60;43;180;61;0;0;0
1;100;57;40;60;85;60;43;180;61;0;0;0
1;100;57;40;61;86;60;43;180;61;0;0;0
1;100;55;40;61;86;60;43;180;61;0;0;0
1;100;55;40;62;87;60;43;180;61;0;0;0
1;100;53;41;62;87;60;43;180;61;0;0;0
1;100;53;41;63;88;60;43;180;61;0;0;0
1;100;51;41;63;88;60;43;180;61;0;0;0
1;100;51;41;64;89;60;43;180;61;0;0;0
1;100;49;41;64;89;60;43;180;61;0;0;0
1;100;49;41;65;90;60;43;180;61;0;0;0
1;100;47;41;65;90;60;43;180;61;0;0;0
1;100;47;41;66;91;60;43;180;61;0;0;0
1;100;45;41;66;91;60;43;180;61;0;0;0
1;100;45;41;67;92;60;43;180;61;0;0;0
1;100;43;41;67;92;60;43;180;61;0;0;0
1;100;43;41;68;93;60;43;180;61;0;0;0
1;100;41;41;68;93;60;43;180;61;0;0;0
1;100;41;41;69;94;60;43;180;61;0;0;0
1;100;39;41;69;94;60;43;180;61;0;0;0
1;100;39;41;70;95;60;43;180;61;0;0;0
1;100;37;41;70;95;60;43;180;61;0;0;0
1;100;37;41;71;96;60;43;180;61;0;0;0
1;100;35;41;71;96;60;43;180;61;0;0;0
1;100;35;41;72;97;60;43;180;61;0;0;0
1;100;33;41;72;97;60;43;180;61;0;0;0
1;100;33;41;73;98;60;43;180;61;0;0;0
1;100;31;41;73;98;60;43;180;61;0;0;0
1;100;31;41;74;99;60;43;180;61;0;0;0
1;100;29;41;74;99;60;43;180;61;0;0;0
1;100;29;41;75;100;60;43;180;61;0;0;0
1;100;27;41;75;100;60;43;180;61;0;0;0
1;100;27;41;76;101;60;43;180;61;0;0;0
1;100;25;41;76;101;60;43;180;61;0;0;0
1;100;25;41;77;102;60;43;180;61;0;0;0
1;100;23;41;77;102;60;43;180;61;0;0;0
1;100;23;41;78;103;60;43;180;61;0;0;0
1;100;21;42;78;103;60;43;180;61;0;0;0
1;100;246;42;79;104;60;43;180;61;0;0;0
1;100;246;42;79;104;60;43;180;61;0;1;0
1;100;246;42;80;105;60;43;180;61;0;1;0
1;100;246;42;80;105;60;43;180;62;0;1;0
1;84;246;42;81;106;60;43;180;62;0;1;0
1;84;246;42;81;106;60;43;180;63;0;1;0
1;68;246;42;82;107;60;43;180;63;0;1;0
1;68;246;42;82;107;60;43;180;64;0;1;0
1;52;246;42;83;246;60;43;180;64;0;1;0
1;52;246;42;59;83;46;60;180;65;0;1;0
1;36;246;42;60;84;46;60;180;65;0;1;0
1;36;246;42;60;84;46;60;180;66;0;1;0
1;20;246;42;61;85;46;60;180;66;0;1;0
1;20;246;42;61;85;46;60;180;67;0;1;0
1;4;246;42;62;86;46;60;180;67;0;1;0
1;4;246;42;62;86;46;60;180;68;0;1;0
1;244;246;42;63;87;46;60;180;68;0;1;0
1;244;246;42;63;87;46;60;180;69;0;0;0
1;228;246;42;64;88;46;60;180;69;0;0;0
1;228;246;42;65;89;46;60;180;69;0;0;0
1;228;246;42;66;90;46;60;180;69;0;0;0
1;228;246;42;67;91;46;60;180;69;0;0;0
1;228;246;42;68;92;46;60;180;69;0;0;0
1;228;246;42;69;93;46;60;180;69;0;0;0
1;228;246;42;70;94;46;60;180;69;0;0;0
1;228;246;43;70;94;46;60;180;69;0;0;0
1;228;246;43;71;95;46;60;180;69;0;0;0
1;228;246;43;72;96;46;60;180;69;0;0;0
1;228;246;43;73;97;46;60;180;69;0;0;0
1;228;246;43;246;97;46;60;180;69;0;0;1
1;228;246;43;246;98;46;60;180;69;0;0;1
1;228;246;43;98;246;60;46;180;68;0;0;1
1;244;246;43;99;246;60;46;180;68;0;0;1
1;244;246;43;59;99;79;60;180;67;0;0;1
1;4;246;43;60;100;79;60;180;67;0;0;1
1;4;246;43;60;100;79;60;180;66;0;0;1
1;20;246;43;61;101;79;60;180;66;0;0;1
1;20;246;43;61;101;79;60;180;65;0;0;1
1;36;246;43;62;102;79;60;180;65;0;0;1
1;36;246;43;62;102;79;60;180;64;0;0;0
1;52;246;43;63;103;79;60;180;64;0;0;0
1;52;246;43;64;104;79;60;180;64;0;0;0
1;52;246;43;65;105;79;60;180;64;0;0;0
1;52;246;43;66;106;79;60;180;64;0;0;0
1;52;246;43;67;107;79;60;180;64;0;0;0
1;52;246;43;68;246;79;60;180;64;0;0;0
1;52;246;43;68;246;79;60;180;64;1;0;0
1;52;85;43;69;246;79;60;180;64;1;0;0
1;52;83;43;50;69;63;79;180;64;1;0;0
1;52;83;43;51;70;63;79;180;64;1;0;0
1;52;81;44;51;70;63;79;180;64;1;0;0
1;52;81;44;52;71;63;79;180;64;1;0;0
1;52;79;44;52;71;63;79;180;64;1;0;0
1;52;79;44;53;72;63;79;180;64;1;0;0
1;52;77;44;53;72;63;79;180;64;0;0;0
1;52;77;44;54;73;63;79;180;64;0;0;0
1;52;75;44;54;246;63;79;180;64;0;0;0
1;52;75;44;55;246;63;79;180;64;0;0;0
1;52;73;44;55;246;63;79;180;64;0;0;0
1;52;73;44;56;246;63;79;180;64;0;0;0
1;52;71;44;56;246;63;79;180;64;0;0;0
1;52;71;44;57;246;63;79;180;64;0;0;0
1;52;69;44;57;246;63;79;180;64;0;0;0
1;52;69;44;58;246;63;79;180;64;0;0;0
1;52;67;44;58;246;63;79;180;64;0;0;0
1;52;67;44;59;246;63;79;180;64;0;0;0
1;52;65;44;59;246;63;79;180;64;0;0;0
1;52;65;44;60;246;63;79;180;64;0;0;0
1;52;63;44;60;246;63;79;180;64;0;0;0
1;52;63;44;61;246;63;79;180;64;0;0;0
1;52;61;44;61;246;63;79;180;64;0;0;0
1;52;61;44;62;246;63;79;180;64;0;0;0
1;52;59;44;62;246;63;79;180;64;0;0;0
1;52;59;44;63;246;63;79;180;64;0;0;0
1;52;57;44;63;246;63;79;180;64;0;0;0
1;52;57;44;64;246;63;79;180;64;0;0;0
1;52;55;44;64;246;63;79;180;64;0;0;0
1;52;55;44;65;246;63;79;180;64;0;0;0
1;52;53;44;65;246;63;79;180;64;0;0;0
1;52;53;44;66;246;63;79;180;64;0;0;0
1;52;51;44;66;246;63;79;180;64;0;0;0
1;52;51;44;67;246;63;79;180;64;0;0;0
1;52;49;45;50;67;64;63;180;64;0;0;0
1;52;246;45;51;68;64;63;180;64;0;0;0
1;52;246;45;52;69;64;63;180;64;0;0;0
1;52;246;45;53;70;64;63;180;64;0;0;0
1;52;246;45;54;71;64;63;180;64;0;0;0
1;52;246;45;55;72;64;63;180;64;0;0;0
1;52;246;45;56;73;64;63;180;64;0;0;0
1;52;246;45;57;74;64;63;180;64;0;0;0
1;52;246;45;58;75;64;63;180;64;0;0;0
1;52;246;45;59;76;64;63;180;64;0;0;0
1;52;246;45;60;77;64;63;180;64;0;0;0
1;52;246;45;61;78;64;63;180;64;0;0;0
1;52;246;45;62;79;64;63;180;64;0;0;0
1;52;246;45;63;80;64;63;180;64;0;0;0
1;52;246;45;64;81;64;63;180;64;0;0;0
1;52;246;45;65;82;64;63;180;64;0;0;0
1;52;246;45;66;83;64;63;180;64;0;0;0
1;52;246;46;66;83;64;63;180;64;0;0;0
1;52;246;46;67;84;64;63;180;64;0;0;0
1;52;246;46;68;85;64;63;180;64;0;0;0
1;52;246;46;69;86;64;63;180;64;0;0;0
1;52;246;46;70;87;64;63;180;64;0;0;0
1;52;246;46;71;88;64;63;180;64;0;0;0
1;52;246;46;72;89;64;63;180;64;0;0;0
1;52;246;46;73;90;64;63;180;64;0;0;0
1;52;246;46;74;91;64;63;180;64;0;0;0
1;52;246;46;75;92;64;63;180;64;0;0;0
1;52;246;46;75;92;64;63;180;64;0;1;0
1;52;246;46;76;93;64;63;180;64;0;1;0
1;52;246;46;76;93;64;63;180;65;0;1;0
1;36;246;46;77;94;64;63;180;65;0;1;0
1;36;246;46;77;94;64;63;180;66;0;1;0
1;20;246;46;78;95;64;63;180;66;0;0;0
1;20;246;46;79;96;64;63;180;66;0;0;0
1;20;246;46;80;97;64;63;180;66;0;0;0
1;20;246;46;81;98;64;63;180;66;0;0;0
1;20;246;46;82;99;64;63;180;66;0;0;0
1;20;246;47;82;99;64;63;180;66;0;0;0
1;20;246;47;83;100;64;63;180;66;0;0;0
1;20;246;47;84;101;64;63;180;66;0;0;0
1;20;246;47;85;102;64;63;180;66;0;0;0
1;20;246;47;85;102;64;63;180;66;0;1;0
1;20;246;47;86;103;64;63;180;66;0;1;0
1;20;246;47;86;103;64;63;180;67;0;1;0
1;4;246;47;87;104;64;63;180;67;0;1;0
1;4;246;47;87;104;64;63;180;68;0;1;0
1;244;246;47;88;105;64;63;180;68;0;1;0
1;244;246;47;88;105;64;63;180;69;0;1;0
1;228;246;47;89;106;64;63;180;69;0;1;0
1;228;246;47;89;106;64;63;180;70;0;1;0
1;212;246;47;90;107;64;63;180;70;0;1;0
1;212;246;47;90;107;64;63;180;71;0;1;0
1;196;246;47;91;246;64;63;180;71;0;1;0
1;196;246;47;59;91;83;64;180;72;0;1;0
1;180;246;47;60;92;83;64;180;72;0;1;0
1;180;246;47;60;92;83;64;180;73;0;1;0
1;164;246;47;61;93;83;64;180;73;0;1;0
1;164;246;47;61;93;83;64;180;74;0;1;0
1;148;246;47;62;94;83;64;180;74;0;1;0
1;148;246;47;62;94;83;64;180;75;0;1;0
1;117;246;47;63;95;83;64;180;75;0;1;0
1;117;246;47;63;95;83;64;180;76;0;1;0
1;101;246;47;64;96;83;64;180;76;0;1;0
1;101;246;47;64;96;83;64;180;77;0;1;0
1;85;246;47;65;97;83;64;180;77;0;1;0
1;85;246;47;65;97;83;64;180;78;0;1;0
1;69;246;47;66;98;83;64;180;78;0;1;0
1;69;246;48;66;98;83;64;180;79;0;1;0
1;53;246;48;67;99;83;64;180;79;0;1;0
1;53;246;48;67;99;83;64;180;80;0;1;0
1;37;246;48;68;100;83;64;180;80;0;1;0
1;37;246;48;68;100;83;64;180;81;0;1;0
1;21;246;48;69;101;83;64;180;81;0;1;0
1;21;246;48;69;101;83;64;180;82;0;1;0
1;5;246;48;70;102;83;64;180;82;0;1;0
1;5;246;48;70;102;83;64;180;83;0;1;0
1;245;246;48;71;103;83;64;180;83;0;1;0
1;245;246;48;71;103;83;64;180;84;0;1;0
1;229;246;48;72;104;83;64;180;84;0;0;0
1;229;246;48;73;105;83;64;180;84;0;0;0
1;229;246;48;74;106;83;64;180;84;0;0;0
1;229;246;48;75;107;83;64;180;84;0;0;0
1;229;246;48;76;246;83;64;180;84;0;0;0
1;229;246;48;59;76;52;83;180;84;0;0;0
1;229;246;48;60;77;52;83;180;84;0;0;0
1;229;246;48;61;78;52;83;180;84;0;0;0
1;229;246;48;61;246;52;83;180;84;0;0;0
1;229;246;48;62;246;52;83;180;84;0;0;0
1;229;246;48;63;246;52;83;180;84;0;0;0
1;229;246;48;64;246;52;83;180;84;1;0;0
1;229;85;48;65;246;52;83;180;84;1;0;0
1;229;83;49;65;246;52;83;180;84;1;0;0
1;229;83;49;66;246;52;83;180;84;1;0;0
1;229;81;49;66;246;52;83;180;84;1;0;0
1;229;81;49;67;246;52;83;180;84;0;1;0
1;229;79;49;67;246;52;83;180;85;0;1;0
1;213;79;49;68;246;52;83;180;85;0;1;0
1;213;77;49;68;246;52;83;180;86;0;1;0
1;197;77;49;69;246;52;83;180;86;0;1;0
1;197;75;49;69;246;52;83;180;87;0;1;0
1;181;75;49;70;246;52;83;180;87;0;1;0
1;181;73;49;70;246;52;83;180;88;0;1;0
1;165;73;49;71;246;52;83;180;88;0;1;0
1;165;71;49;71;246;52;83;180;89;0;1;0
1;149;71;49;72;246;52;83;180;89;0;1;0
1;149;69;49;72;246;52;83;180;90;0;1;0
1;118;69;49;73;246;52;83;180;90;0;1;0
1;118;67;49;41;73;69;52;180;91;0;1;0
1;102;67;49;42;74;69;52;180;91;0;1;0
1;102;65;49;42;74;69;52;180;92;0;1;0
1;86;65;49;43;75;69;52;180;92;0;1;0
1;86;63;49;43;75;69;52;180;93;0;1;0
1;70;63;49;44;76;69;52;180;93;0;1;0
1;70;61;49;44;76;69;52;180;94;0;1;0
1;54;61;49;45;77;69;52;180;94;0;1;0
1;54;59;49;45;77;69;52;180;95;0;1;0
1;38;246;49;46;78;69;52;180;95;0;1;0
1;38;246;49;46;78;69;52;180;96;0;1;0
1;22;246;49;47;79;69;52;180;96;0;1;0
1;22;246;49;47;79;69;52;180;97;0;0;0
1;6;246;49;48;80;69;52;180;97;0;0;0
1;6;246;49;49;81;69;52;180;97;0;0;0
1;6;246;50;49;81;69;52;1;97;0;0;0
1;6;246;50;50;82;69;52;1;97;0;0;0
1;6;246;50;51;83;69;52;1;97;0;0;0
1;6;246;50;51;83;69;52;2;97;0;0;0
1;6;246;50;52;84;69;52;2;97;0;0;0
1;6;246;50;53;85;69;52;2;97;0;0;0
1;6;246;50;53;85;69;52;3;97;0;0;0
1;6;246;50;54;86;69;52;3;97;0;0;0
1;6;246;50;55;87;69;52;3;97;0;0;0
1;6;246;50;55;87;69;52;4;97;0;0;0
1;6;246;50;56;88;69;52;4;97;0;0;1
1;6;246;50;56;88;69;52;4;96;0;0;1
1;22;246;50;57;89;69;52;4;96;0;0;1
1;22;246;50;57;89;69;52;5;95;0;0;1
1;38;246;50;58;90;69;52;5;95;0;0;1
1;38;246;50;58;90;69;52;5;94;0;0;1
1;54;246;50;59;91;69;52;5;94;0;0;1
1;54;246;50;59;91;69;52;6;93;0;0;1
1;70;246;50;60;92;69;52;6;93;0;0;1
1;70;246;50;60;92;69;52;6;92;0;0;1
1;86;246;50;61;93;69;52;6;92;0;0;0
1;86;246;50;61;93;69;52;7;92;0;0;0
1;86;246;50;62;94;69;52;7;92;0;0;0
1;86;246;50;63;95;69;52;7;92;0;0;0
1;86;246;50;63;95;69;52;8;92;0;0;0
1;86;246;50;64;96;69;52;8;92;0;0;0
1;86;246;50;65;97;69;52;8;92;0;0;0
1;86;246;49;65;97;69;52;9;92;0;0;0
1;86;246;49;66;98;69;52;9;92;0;0;0
1;86;246;49;67;99;69;52;9;92;0;0;0
1;86;246;49;67;99;69;52;10;92;0;0;0
1;86;246;49;68;100;69;52;10;92;0;0;0
1;86;246;49;69;101;69;52;10;92;0;0;0
1;86;246;49;69;101;69;52;11;92;0;0;0
1;86;246;49;70;102;69;52;11;92;0;0;0
1;86;246;49;70;102;69;52;11;92;0;1;0
1;86;246;49;71;103;69;52;11;92;0;1;0
1;86;246;49;71;103;69;52;12;93;0;1;0
1;70;246;49;72;104;69;52;12;93;0;1;0
1;70;246;49;72;104;69;52;12;94;0;1;0
1;54;246;49;73;105;69;52;12;94;0;1;0
1;54;246;49;73;105;69;52;13;95;0;1;0
1;38;246;49;74;106;69;52;13;95;0;1;0
1;38;246;49;74;106;69;52;13;96;0;1;0
1;22;246;49;75;107;69;52;13;96;0;1;0
1;22;246;49;75;107;69;52;14;97;0;1;0
1;6;246;49;76;246;69;52;14;97;0;1;0
1;6;246;49;76;246;69;52;14;98;0;1;0
1;246;246;49;77;246;69;52;14;98;0;0;0
1;246;246;49;77;246;69;52;15;98;0;0;0
1;246;246;49;78;246;69;52;15;98;0;0;0
1;246;246;49;55;78;85;69;15;98;0;0;0
1;246;246;49;56;79;85;69;15;98;0;0;0
1;246;246;49;56;79;85;69;16;98;0;0;0
1;246;246;49;57;80;85;69;16;98;1;0;0
1;246;85;49;58;81;85;69;16;98;1;0;0
1;246;83;48;58;81;85;69;17;98;1;0;0
1;246;83;48;59;82;85;69;17;98;1;0;0
1;246;81;48;59;82;85;69;17;98;1;0;0
1;246;81;48;60;83;85;69;17;98;0;0;0
1;246;79;48;60;83;85;69;18;98;0;0;0
1;246;79;48;61;84;85;69;18;98;0;0;0
1;246;77;48;61;84;85;69;18;98;0;0;0
1;246;77;48;62;85;85;69;18;98;0;0;0
1;246;75;48;62;85;85;69;19;98;0;0;0
1;246;75;48;63;86;85;69;19;98;0;0;0
1;246;73;48;63;86;85;69;19;98;0;0;0
1;246;73;48;64;87;85;69;19;98;0;0;0
1;246;71;48;64;87;85;69;20;98;0;0;0
1;246;71;48;65;88;85;69;20;98;0;0;0
1;246;69;48;65;88;85;69;20;98;0;0;0
1;246;69;48;66;89;85;69;20;98;0;0;0
1;246;67;48;66;89;85;69;21;98;0;0;0
1;246;67;48;67;90;85;69;21;98;0;0;0
1;246;65;48;67;90;85;69;21;98;0;0;0
1;246;246;48;68;91;85;69;21;98;0;0;1
1;246;246;48;68;91;85;69;22;97;0;0;1
1;6;246;48;69;92;85;69;22;97;0;0;1
1;6;246;48;69;92;85;69;22;96;0;0;1
1;22;246;48;70;93;85;69;22;96;0;0;1
1;22;246;48;70;93;85;69;23;95;0;0;1
1;38;246;48;71;94;85;69;23;95;0;0;1
1;38;246;48;71;94;85;69;23;94;0;0;1
1;54;246;48;72;95;85;69;23;94;0;0;1
1;54;246;48;72;95;85;69;24;93;0;0;1
1;70;246;48;73;96;85;69;24;93;0;0;1
1;70;246;48;73;96;85;69;24;92;0;0;1
1;86;246;48;74;97;85;69;24;92;0;0;0
1;86;246;47;74;97;85;69;25;92;0;0;0
1;86;246;47;75;98;85;69;25;92;0;0;0
1;86;246;47;76;99;85;69;25;92;0;0;0
1;86;246;47;76;99;85;69;26;92;0;0;0
1;86;246;47;77;100;85;69;26;92;0;0;0
1;86;246;47;78;101;85;69;26;92;0;0;0
1;86;246;47;78;101;85;69;27;92;0;0;0
1;86;246;47;79;102;85;69;27;92;0;0;0
1;86;246;47;80;103;85;69;27;92;0;0;0
1;86;246;47;80;103;85;69;28;92;0;0;0
1;86;246;47;81;104;85;69;28;92;0;0;0
1;86;246;47;82;105;85;69;28;92;0;0;0
1;86;246;47;82;105;85;69;29;92;0;0;0
1;86;246;47;83;106;85;69;29;92;0;0;0
1;86;246;47;84;107;85;69;29;92;0;0;0
1;86;246;47;84;107;85;69;30;92;0;0;0
1;86;246;47;85;246;85;69;30;92;0;0;0
1;86;246;47;64;85;51;85;30;92;0;0;0
1;86;246;47;65;86;51;85;30;92;0;0;0
1;86;246;47;65;86;51;85;31;92;0;0;0
1;86;246;47;66;87;51;85;31;92;0;1;0
1;86;246;47;66;87;51;85;31;93;0;1;0
1;70;246;47;67;88;51;85;31;93;0;1;0
1;70;246;47;67;88;51;85;32;94;0;1;0
1;54;246;47;68;89;51;85;32;94;0;1;0
1;54;246;47;68;89;51;85;32;95;0;1;0
1;38;246;47;69;90;51;85;32;95;0;1;0
1;38;246;46;69;90;51;85;33;96;0;1;0
1;22;246;46;70;91;51;85;33;96;0;1;0
1;22;246;46;70;91;51;85;33;97;0;1;0
1;6;246;46;71;92;51;85;33;97;0;1;0
1;6;246;46;71;92;51;85;34;98;0;1;0
1;246;246;46;72;93;51;85;34;98;0;1;0
1;246;246;46;72;93;51;85;34;99;0;1;0
1;230;246;46;73;94;51;85;34;99;0;1;0
1;230;246;46;73;94;51;85;35;100;0;1;0
1;214;246;46;74;95;51;85;35;100;0;1;0
1;214;246;46;74;95;51;85;35;101;0;1;0
1;198;246;46;75;96;51;85;35;101;0;1;0
1;198;246;46;75;96;51;85;36;102;0;1;0
1;182;246;46;76;97;51;85;36;102;0;1;0
1;182;246;46;76;97;51;85;36;103;0;1;0
1;166;246;46;77;98;51;85;36;103;0;1;0
1;166;246;46;77;98;51;85;37;104;0;1;0
1;150;246;46;78;99;51;85;37;104;0;0;0
1;150;246;46;246;99;51;85;37;104;0;0;0
1;150;246;46;246;100;51;85;37;104;0;0;0
1;150;246;46;100;246;85;51;38;104;0;0;0
1;150;246;46;101;246;85;51;38;104;0;0;0
1;150;246;46;64;101;114;85;38;104;0;0;0
1;150;246;46;65;102;114;85;38;104;0;0;0
1;150;246;46;65;102;114;85;39;104;0;0;0
1;150;246;46;66;103;114;85;39;104;0;0;0
1;150;246;46;67;104;114;85;39;104;0;0;0
1;150;246;46;67;104;114;85;40;104;0;0;0
1;150;246;46;68;105;114;85;40;104;0;0;0
1;150;246;46;69;106;114;85;40;104;0;0;0
1;150;246;45;69;106;114;85;41;104;0;0;0
1;150;246;45;70;107;114;85;41;104;0;0;0
1;150;246;45;71;246;114;85;41;104;0;0;0
1;150;246;45;55;71;97;114;42;104;0;0;0
1;150;246;45;56;72;97;114;42;104;0;0;0
1;150;246;45;57;73;97;114;42;104;0;0;0
1;150;246;45;57;73;97;114;43;104;0;0;0
1;150;246;45;58;74;97;114;43;104;0;0;0
1;150;246;45;58;246;97;114;43;104;0;0;0
1;150;246;45;59;246;97;114;43;104;0;0;1
1;150;246;45;59;246;97;114;44;103;0;0;1
1;166;246;45;60;246;97;114;44;103;0;0;1
1;166;246;45;60;246;97;114;44;102;0;0;1
1;182;246;45;61;246;97;114;44;102;0;0;1
1;182;246;45;61;246;97;114;45;101;0;0;1
1;198;246;45;62;246;97;114;45;101;0;0;1
1;198;246;45;62;246;97;114;45;100;0;0;1
1;214;246;45;63;246;97;114;45;100;0;0;1
1;214;246;45;63;246;97;114;46;99;0;0;1
1;230;246;45;64;246;97;114;46;99;0;0;1
1;230;246;45;64;246;97;114;46;98;0;0;1
1;246;246;45;65;246;97;114;46;98;0;0;1
1;246;246;45;65;246;97;114;47;97;0;0;1
1;6;246;45;66;246;97;114;47;97;0;0;1
1;6;246;45;66;246;97;114;47;96;0;0;1
1;22;246;45;67;246;97;114;47;96;0;0;1
1;22;246;45;67;246;97;114;48;95;0;0;1
1;38;246;45;68;246;97;114;48;95;0;0;1
1;38;246;45;68;246;97;114;48;94;0;0;1
1;54;246;45;69;246;97;114;48;94;0;0;0
1;54;246;44;69;246;97;114;49;94;0;0;0
1;54;246;44;70;246;97;114;49;94;0;0;0
1;54;246;44;71;246;97;114;49;94;0;0;0
1;54;246;44;55;71;96;97;50;94;0;0;0
1;54;246;44;56;72;96;97;50;94;0;0;0
1;54;246;44;57;73;96;97;50;94;0;0;0
1;54;246;44;57;73;96;97;51;94;0;0;0
1;54;246;44;58;74;96;97;51;94;0;0;0
1;54;246;44;59;75;96;97;51;94;0;0;0
1;54;246;44;59;75;96;97;52;94;0;0;0
1;165;246;27;246;246;93;91;180;88;0;0;0
1;165;246;27;246;246;91;93;180;88;0;0;0
